PARENT_COMPANY|STANDARD_COMPANY_NAME
1804 LTD|1804
31 GROUP LLC|31 GROUP
31 Group LLC|31 GROUP
ABRAXAS PETROLEUM CORP|ABRAXAS PETROLEUM
AETHON ENERGY|AETHON ENERGY
AGAVE ENERGY HOLDINGS|AGAVE ENERGY HOLDINGS
AGL RESOURCES INC|AGL RESOURCES
AKA ENERGY GROUP LLC|AKA ENERGY GROUP
AKA ENERGY GROUP, LLC|AKA ENERGY GROUP
AKIN BEENE RESOURCES LLC|AKIN BEENE RESOURCES
ALL AMERICAN OIL & GAS INC|ALL AMERICAN OIL AND GAS
ALTA MESA SERVICES LP|ALTA MESA SERVICES
AMERICAN EAGLE ENERGY CORP|AMERICAN EAGLE ENERGY
AMERICAN ENERGY PARTNERS LP|AMERICAN ENERGY PARTNERS
AMERICAN MIDSTREAM GP, LLC|AMERICAN MIDSTREAM PARTNERS
AMERICAN MIDSTREAM PARTNERS LP|AMERICAN MIDSTREAM PARTNERS
ANADARKO PETROLEUM CORP|ANADARKO PETROLEUM
ANADARKO PETROLEUM CORPORATION|ANADARKO PETROLEUM
ANADARKO US OFFSHORE CORP|ANADARKO PETROLEUM
ANDEAVOR|ANDEAVOR
ANDERSON ENERGY INC|ANDERSON ENERGY
ANKOR ENERGY LLC|ANKOR ENERGY
ANKOR Energy, LLC|ANKOR ENERGY
ANR PIPELINE CO|ANR PIPELINE
ANR Pipeline CO|ANR PIPELINE
ANR Pipeline Company|ANR PIPELINE
ANSCHUTZ EXPLORATION CORP|ANSCHUTZ EXPLORATION
ANTERO RESOURCES CORP|ANTERO RESOURCES
APACHE CORP|APACHE
APACHE CORPORATION|APACHE
APPROACH RESOURCES INC|APPROACH RESOURCES
ARD OPERATING LLC|ARD OPERATING
ARENA ENERGY LLC|ARENA ENERGY
ARENA OFFSHORE LP|ARENA ENERGY
ARIEL EXPLORATION INC|ARIEL EXPLORATION
ARP RANGELY PRODUCTION LLC|ARP RANGELY PRODUCTION
ARROWHEAD PIPELINE, LP|ARROWHEAD PIPELINE
ARSENAL RESOURCES LLC|ARSENAL RESOURCES
ARUBA PETROLEUM INC|ARUBA PETROLEUM
ASCENT RESOURCES LLC|ASCENT RESOURCES
ASRCEX|ASRCEX
ATLAS ENERGY GROUP LLC|ATLAS ENERGY GROUP
ATLAS PIPELINE PARTNERS, LP|ATLAS ENERGY GROUP
ATLAS RESOURCE PARTNERS LP|ATLAS ENERGY GROUP
ATMOS ENERGY CORP|ATMOS ENERGY
ATP OIL & GAS CORP|ATP OIL & GAS
AUGUSTUS ENERGY RESOURCES LLC|AUGUSTUS ENERGY RESOURCES
AUSTRALIS TMS INC|AUSTRALIS TMS
AUX SABLE|AUX SABLE
AUX SABLE LIQUID PRODUCTS|AUX SABLE
AZURE MIDSTREAM ENERGY LLC|AZURE MIDSTREAM ENERGY
Abraxas Petroleum Corp|ABRAXAS PETROLEUM
Acadian Gas Pipeline System|ACADIAN GAS PIPELINE SYSTEM
Access Midstream Partners LP|ACCESS MIDSTREAM PARTNERS
Access Midstream Partners, L.P.|ACCESS MIDSTREAM PARTNERS
Agave Energy Holdings|AGAVE ENERGY HOLDINGS
Aircraft Services Corporation (GE entity)|AIRCRAFT SERVICES CORPORATION (GE ENTITY)
Algonquin Gas Transmission, LLC|ALGONQUIN GAS TRANSMISSION
All American Oil and Gas, Inc.|ALL AMERICAN OIL AND GAS
Alliance Petroleum CORP|ALLIANCE PETROLEUM
Alpha Natural Resources, Inc.|ALPHA NATURAL RESOURCES
Alta Mesa Services, LP|ALTA MESA SERVICES
American Eagle Energy|AMERICAN EAGLE ENERGY
American Energy Partners LP|AMERICAN ENERGY PARTNERS
American Midstream Partners, LP|AMERICAN MIDSTREAM PARTNERS
Amplify Energy Corp|AMPLIFY ENERGY
Anadarko Petroleum Corporation|ANADARKO PETROLEUM
Anadarko US Offshore Corporation|ANADARKO PETROLEUM
Andeavor (FMA Tesoro Corp)|ANDEAVOR
Andeavor Refining|ANDEAVOR
Anderson Energy, Inc.|ANDERSON ENERGY
Antero Midstream Partners LP|ANTERO RESOURCES
Antero Resources Appalachian Corp|ANTERO RESOURCES
Antero Resources CORPORATION|ANTERO RESOURCES
Antero Resources Corp|ANTERO RESOURCES
Antero Resources Corporation|ANTERO RESOURCES
Antero Resources Piceance Corp|ANTERO RESOURCES
Apache Corporation|APACHE
Approach Resources, INC|APPROACH RESOURCES
Arena Energy, LLC|ARENA ENERGY
Arena Entergy, LLC|ARENA ENERGY
Ariel Exploration Inc|ARIEL EXPLORATION
Aruba Petroleum, Inc.|ARUBA PETROLEUM
Ascent Resources, LLC|ASCENT RESOURCES
Atlas Energy, LP|ATLAS ENERGY GROUP
Atlas Resource Partners, L.P.|ATLAS ENERGY GROUP
Atlas Resources Partners, L.P.|ATLAS ENERGY GROUP
Augustus Energy Partners, LLC|AUGUSTUS ENERGY RESOURCES
Augustus Energy Resources LLC|AUGUSTUS ENERGY RESOURCES
Aux Sable Midstream LLC|AUX SABLE
Axia Energy II, LLC|AXIA ENERGY II
Azure Midstream Energy, LLC|AZURE MIDSTREAM ENERGY
BADLANDS ENERGY INC|BADLANDS ENERGY
BAYSWATER EXPLORATION & PRODUCTION LLC|BAYSWATER EXPLORATION & PRODUCTION
BBX OPERATING LLC|BBX OPERATING
BBX OPERATING, LLC|BBX OPERATING
BC Operating INC|BC OPERATING
BCE-Mach LLC|BCE-MACH
BENNU OIL & GAS LLC|BENNU OIL & GAS
BEPCO LP|BEPCO
BERKSHIRE HATHAWAY|BERKSHIRE HATHAWAY
BERKSHIRE HATHAWAY INC|BERKSHIRE HATHAWAY
BERRY PETROLEUM CO|BERRY PETROLEUM
BHP BILLITON|BHP BILLITON
BHP BILLITON PETROLEUM (DEEPWATER) INC.|BHP BILLITON
BHP Billiton Petroleum (North America) Inc.|BHP BILLITON
BHP Billiton Petroleum Holding LLC|BHP BILLITON
BHP Billiton Petroleum Holdings (USA) Inc.|BHP BILLITON
BHP Billiton Petroleum Holdings LLC|BHP BILLITON
BILL BARRETT CORP|BILL BARRETT
BKV OPERATING LLC|BKV OPERATING
BKV Operating LLC|BKV OPERATING
BLACK BEAR MIDSTREAM HOLDINGS LLC|BLACK BEAR MIDSTREAM HOLDINGS
BLACK HILLS CORP|BLACK HILLS
BLACK HILLS CORPORATION|BLACK HILLS
BLACKBEARD OPERATING LLC|BLACKBEARD OPERATING
BLACKBRUSH O & G LLC|BLACKBRUSH O & G
BLUE RACER MIDSTREAM LLC|BLUE RACER MIDSTREAM
BLUE RACER MIDSTREAM, LLC|BLUE RACER MIDSTREAM
BLUECREST ENERGY INC|BLUECREST ENERGY
BLUESTONE NATURAL RESOURCES LLC|BLUESTONE NATURAL RESOURCES
BOC 220 GULF COAST BASIN ONSHORE|BOC 220 GULF COAST BASIN ONSHORE
BOC 220 Gulf Coast Basin Onshore|BOC 220 GULF COAST BASIN ONSHORE
BONANZA CREEK ENERGY INC|BONANZA CREEK ENERGY
BONANZA CREEK ENERGY, INC|BONANZA CREEK ENERGY
BOPCO LP|BOPCO
BOPCO, LP|BOPCO
BP AMERICA INC|BP AMERICA
BP America Inc|BP AMERICA
BP America Inc.|BP AMERICA
BP America Production Company|BP AMERICA
BP Exploration & Production, Inc.|BP AMERICA
BREITBURN ENERGY CO LP|BREITBURN ENERGY CO
BREITBURN ENERGY PARTNERS LP|BREITBURN ENERGY CO
BRIDGE ENERGY LLC|BRIDGE ENERGY
BROOKFIELD INFRASTRUCTURE PTNR|BROOKFIELD INFRASTRUCTURE PTNR
BRUIN E&P PARTNERS LLC|BRUIN E&P PARTNERS
BTA|BTA
BURLINGTON RESOURCES OIL & GAS CO LP|CONOCOPHILLIPS
BURNETT OIL CO INC|BURNETT OIL CO
Ballard Petroleum Holdings LLC|BALLARD PETROLEUM HOLDINGS
Bayswater Exploration & Production, LLC|BAYSWATER EXPLORATION & PRODUCTION
Baytex Energy USA|BAYTEX ENERGY USA
Beacon West Energy Group|BEACON WEST ENERGY GROUP
Benedum Gas Partners, LP|BENEDUM GAS PARTNERS
Bennu Oil & Gas, LLC|BENNU OIL & GAS
Black Bear Midstream, LLC|BLACK BEAR MIDSTREAM HOLDINGS
Black Elk Energy Offshore Operations, LLC|BLACK ELK ENERGY OFFSHORE OPERATIONS
BlackBrush O & G, LLC|BLACKBRUSH O & G
Blackbeard Operating, LLC|BLACKBEARD OPERATING
BlueCrest Energy|BLUECREST ENERGY
Bluefin Resources LLC|BLUEFIN RESOURCES
Bluestone Natural Resources, LLC|BLUESTONE NATURAL RESOURCES
Bravo Natural Gas|BRAVO NATURAL GAS
Bravo Natural Resources, LLC|BRAVO NATURAL RESOURCES
Brazos Midstream|BRAZOS MIDSTREAM
BreitBurn Energy Partners|BREITBURN ENERGY CO
BreitBurn Energy Partners L.P.|BREITBURN ENERGY CO
Breitburn Energy Partners LP|BREITBURN ENERGY CO
Bruin E&P Operating, LLC|BRUIN E&P OPERATING
Burlington Resources Oil & Gas Co LP|CONOCOPHILLIPS
Burnett Oil Co., Inc.|BURNETT OIL CO
CABOT CORP|CABOT
CABOT OIL & GAS CORP|CABOT
CAELUS ENERGY LLC|CAELUS ENERGY
CAERUS OIL & GAS LLC|CAERUS OIL AND GAS
CAISSE DE DEPOT ET PLACEMENT DU QUEBEC|CAISSE DE DEPOT ET PLACEMENT DU QUEBEC
CALIFORNIA RESOURCES CORP|CALIFORNIA RESOURCES
CALLON PETROLEUM CO|CALLON PETROLEUM
CAMBRIAN MANAGEMENT, LTD|CAMBRIAN MANAGEMENT
CANTIUM LLC|CANTIUM
CAPROCK PERMIAN PROCESSING LLC|CAPROCK PERMIAN PROCESSING
CARBON NATURAL GAS CO|CARBON NATURAL GAS
CARDINAL MIDSTREAM, LLC|CARDINAL MIDSTREAM
CARRERA GAS GATHERING LLC|CARRERA GAS GATHERING
CARRIZO OIL & GAS INC|CARRIZO OIL & GAS
CASTLETON COMMODITIES INTERNATIONAL LLC|CASTLETON COMMODITIES INTERNATIONAL
CATAMOUNT ENERGY PARTNERS LLC|CATAMOUNT ENERGY PARTNERS
CATARINA MIDSTREAM LLC|CATARINA MIDSTREAM
CEDAR BAYOU FRACTIONATORS, LP|CEDAR BAYOU FRACTIONATORS
CELERO ENERGY II LP|CELERO ENERGY II
CENTENNIAL RESOURCE PRODUCTION LLC|CENTENNIAL RESOURCE PRODUCTION
CGAS PROPERTIES LP|CGAS PROPERTIES
CHAPARRAL ENERGY INC|CHAPARRAL ENERGY
CHAPARRAL ENERGY, INC|CHAPARRAL ENERGY
CHENIERE ENERGY INC|CHENIERE ENERGY
CHESAPEAKE ENERGY CORP|CHESAPEAKE ENERGY
CHEVRON CORP|CHEVRON
CHEVRON CORPORATION|CHEVRON
CHIEF OIL & GAS LLC|CHIEF OIL & GAS
CIMAREX ENERGY CO|CIMAREX ENERGY
CITATION OIL & GAS CORP|CITATION OIL & GAS
CLAYTON WILLIAMS ENERGY INC|CLAYTON WILLIAMS ENERGY
CMO INC|CMO
CMO, Inc.|CMO
CMS ENERGY CORP|CMS ENERGY
CNX Gas Company|CNX RESOURCES
CNX Resources CORP|CNX RESOURCES
CNX Resources Corp|CNX RESOURCES
COG OPERATING, LLC|COG OPERATING
COLUMBIA PIPELINE GROUP|COLUMBIA PIPELINE GROUP
COMPASS PRODUCTION PARTNERS LP|COMPASS PRODUCTION PARTNERS
COMPASS PRODUCTION PARTNERS, LP|COMPASS PRODUCTION PARTNERS
COMSTOCK RESOURCES|COMSTOCK RESOURCES
COMSTOCK RESOURCES, INC.|COMSTOCK RESOURCES
CONCHO RESOURCES INC|CONCHO RESOURCES
CONFLUENCE DJ LLC|CONFLUENCE DJ
CONOCO PHILLIPS|CONOCOPHILLIPS
CONOCO PHILLIPS GOLDEN PASS HOLDINGS LLC|CONOCOPHILLIPS
CONOCOPHILLIPS|CONOCOPHILLIPS
CONSOL ENERGY INC|CONSOL ENERGY
CONTINENTAL RESOURCES INC|CONTINENTAL RESOURCES
CONTURA ENERGY|CONTURA ENERGY
COOK INLET ENERGY LLC|COOK INLET ENERGY
COPANO ENERGY, LLC|COPANO ENERGY
COPREX LLC|COPREX
CORONADO MIDSTREAM LLC|CORONADO MIDSTREAM
CORTERRA ENERGY, LLC|CORTERRA ENERGY
COVEY PARK ENERGY|COVEY PARK ENERGY
COX OIL|COX OIL
CRESCENT POINT ENERGY US CORP|CRESCENT POINT ENERGY US
CRESTONE PEAK RESOURCES LP|CRESTONE PEAK RESOURCES
CRESTWOOD MIDSTREAM PARTNERS LP|CRESTWOOD MIDSTREAM PARTNERS
CRIMSON RESOURCE MANAGEMENT CORP|CRIMSON RESOURCE MANAGEMENT
CROSS TIMBERS ENERGY LLC|CROSS TIMBERS ENERGY
CROSSTEX ENERGY SERVICES LP|CROSSTEX ENERGY SERVICES
CROSSTEX PERMIAN LLC|CROSSTEX ENERGY SERVICES
Cabot Oil & Gas Corp|CABOT
Caelus Energy Alaska, LLC|CAELUS ENERGY
Caerus Oil and Gas LLC|CAERUS OIL AND GAS
California Resources Corporation|CALIFORNIA RESOURCES
Caprock Permian Processing LLC|CAPROCK PERMIAN PROCESSING
Carrera Gas Gathering, LLC|CARRERA GAS GATHERING
Carrizo Oil & Gas, Inc.|CARRIZO OIL & GAS
Castleton Commodities International LLC|CASTLETON COMMODITIES INTERNATIONAL
Centennial Resource Production, LLC|CENTENNIAL RESOURCE PRODUCTION
CenterPoint Energy Resources CORPORATION|CENTERPOINT ENERGY RESOURCES
CenterPoint Energy Resources Corp|CENTERPOINT ENERGY RESOURCES
CenterPoint Energy Southeastern Pipeline Holdings, LLC|CENTERPOINT ENERGY RESOURCES
CenterPoint Energy Southeastern Pipelines Holdings, LLC|CENTERPOINT ENERGY RESOURCES
CenterPoint Energy Southeastern Piplines Holdings, LLC|CENTERPOINT ENERGY RESOURCES
Centerpoint Energy Resources Corp|CENTERPOINT ENERGY RESOURCES
Chevron Corporation|CHEVRON
Chevron Corportation|CHEVRON
Chevron Pipeline Company|CHEVRON
Chevron Services Co|CHEVRON
Chevron Services Co.|CHEVRON
Chevron Texaco Corporation|CHEVRON
Chevron U.S.A INCORPORATED|CHEVRON
Chief Oil & Gas LLC|CHIEF OIL & GAS
Chisholm Energy Operating LLC|CHISHOLM ENERGY OPERATING
Chroma Operating, Inc.|CHROMA OPERATING
Cimarex Energy Co #774031|CIMAREX ENERGY
Cimarex Energy Co.|CIMAREX ENERGY
Cimarex Energy Co. of Colorado|CIMAREX ENERGY
Cimarex Energy Company|CIMAREX ENERGY
Classic Hydrocarbons, LLC|CLASSIC HYDROCARBONS
Clayton Williams Energy, Inc.|CLAYTON WILLIAMS ENERGY
Cogent Midstream WesTex, LLC|COGENT MIDSTREAM WESTEX
Cogent Midstream Westex, LLC|COGENT MIDSTREAM WESTEX
Coleman Oil and Gas, Inc.|COLEMAN OIL AND GAS
Columbia Pipeline Group|COLUMBIA PIPELINE GROUP
Conoco Philips Company|CONOCOPHILLIPS
ConocoPhillips|CONOCOPHILLIPS
ConocoPhillips Company|CONOCOPHILLIPS
Continental Resources, Inc.|CONTINENTAL RESOURCES
Cook Inlet Energy LLC|COOK INLET ENERGY
Cordillera Energy Partners III, LLC|CORDILLERA ENERGY PARTNERS III
Core Appalachia Operating LLC|CORE APPALACHIA OPERATING
Coronado Midstream LLC|CORONADO MIDSTREAM
Costar Midstream, LLC|COSTAR MIDSTREAM
CostarMidstream, LLC|COSTARMIDSTREAM
Covey Park Energy|COVEY PARK ENERGY
Cox Oil Offshore, LLC|COX OIL
Crescent Point Energy U.S. Corporation|CRESCENT POINT ENERGY US
Crestone Peak Resources LP|CRESTONE PEAK RESOURCES
Cross Timbers Energy, LLC|CROSS TIMBERS ENERGY
Crosstex CCNG Processing Ltd|CROSSTEX ENERGY SERVICES
Crosstex CCNG Processing Ltd.|CROSSTEX ENERGY SERVICES
Crosstex LIG, LLC|CROSSTEX ENERGY SERVICES
Crosstex North Texas Gathering, LP|CROSSTEX ENERGY SERVICES
Crosstex North Texas Pipeline, LP|CROSSTEX ENERGY SERVICES
Crosstex Processing Services, LLC|CROSSTEX ENERGY SERVICES
Crowheart Energy LLC|CROWHEART ENERGY
Crown Energy Partners LLC|CROWN ENERGY PARTNERS
DABB ENERGY CO|DABB ENERGY
DAVIS GAS PROCESSING INC|DAVIS GAS PROCESSING
DCP MIDSTREAM HOLDING, LLC|DCP MIDSTREAM
DCP MIDSTREAM LP|DCP MIDSTREAM
DCP MIDSTREAM PARTNERS, LP|DCP MIDSTREAM
DCP MIDSTREAM, LP|DCP MIDSTREAM
DCP Midstream Partners LP|DCP MIDSTREAM
DCP Midstream Partners, LP|DCP MIDSTREAM
DCP Midstream, LP|DCP MIDSTREAM
DCP OPERATING CO, LP|DCP MIDSTREAM
DE3 Operating LLC|DE3 OPERATING
DENBURY RESOURCES INC|DENBURY RESOURCES
DENBURY RESOURCES, INC|DENBURY RESOURCES
DEVON ENERGY|DEVON ENERGY
DEVON ENERGY CORP|DEVON ENERGY
DEVON ENERGY CORPORATION|DEVON ENERGY
DEVON GAS SERVICES, LP|DEVON ENERGY
DGP TAURUS FIELD SERVICES LP|DGP TAURUS FIELD SERVICES
DGP Taurus Field, Services, LP|DGP TAURUS FIELD, SERVICES
DIAMONDBACK ENERGY|DIAMONDBACK ENERGY
DISCOVERY NATURAL RESOURCES LLC|DISCOVERY NATURAL RESOURCES
DIVERSIFIED GAS & OIL PLC|DIVERSIFIED GAS & OIL
DIVIDE CREEK GATHERING SYSTEM LLC|DIVIDE CREEK GATHERING SYSTEM
DJ RESOURCES LLC|DJ RESOURCES
DJ Resources, LLC|DJ RESOURCES
DJR Operating LLC - San Juan Basin Oil & Gas Production|DJ RESOURCES
DOMINION ENERGY INC|DOMINION ENERGY
DOMINION RESOURCES INC|DOMINION ENERGY
DOW CHEMICAL|DOW CHEMICAL
DTE ENERGY CO|DTE ENERGY
DTE Energy Co|DTE ENERGY
DUGAN PRODUCTION CORP|DUGAN PRODUCTION
DUNCAN OIL PROPERTIES INC|DUNCAN OIL PROPERTIES
DURANGO MIDSTREAM LLC|DURANGO MIDSTREAM
Dabb Energy Company|DABB ENERGY
Dart Oil & Gas Corp|DART OIL & GAS
Davis Gas Processing, Inc|DAVIS GAS PROCESSING
Denbury Onshore, LLC|DENBURY RESOURCES
Destin Pipeline Company LLC|DESTIN PIPELINE COMPANY
Devon Energy Corporation|DEVON ENERGY
Devon Energy Production Co LP|DEVON ENERGY
Diamondback Energy|DIAMONDBACK ENERGY
Discovery Natural Resources, LLC|DISCOVERY NATURAL RESOURCES
Diversified Oil & Gas|DIVERSIFIED OIL & GAS
Divide Creek Gathering System LLC|DIVIDE CREEK GATHERING SYSTEM
Dow|DOW CHEMICAL
Dugan Production Corp|DUGAN PRODUCTION
Durango Midstream LLC|DURANGO MIDSTREAM
Dynamic Offshore Resources, LLC|DYNAMIC OFFSHORE RESOURCES
E&B Natural Resources|E&B NATURAL RESOURCES
EAGLE PETROLEUM LLC|EAGLE PETROLEUM
EAGLE ROCK ENERGY PARTNERS LP|EAGLE ROCK ENERGY PARTNERS
EAGLE ROCK ENERGY PARTNERS, LP|EAGLE ROCK ENERGY PARTNERS
EAGLECLAW MIDSTREAM SERVICES LLC|EAGLECLAW MIDSTREAM SERVICES
EAGLERIDGE OPERATING LLC|EAGLERIDGE OPERATING
EARTHSTONE OPERATING LLC|EARTHSTONE OPERATING
ECLIPSE RESOURCES CORP|ECLIPSE RESOURCES
ECOELECTRICA LP|ECOELECTRICA
ECOELECTRICA, LP|ECOELECTRICA
EDF Trading Resources, LLC|EDF TRADING RESOURCES
EDGEMARC ENERGY HOLDINGS LLC|EDGEMARC ENERGY HOLDINGS
EFS MIDSTREAM LLC|EFS MIDSTREAM
EFS Midstream LLC|EFS MIDSTREAM
EL PASO CORP|KINDER MORGAN
EL PASO Pipeline Partners, L.P|KINDER MORGAN
EL PASO Pipeline Partners, L.P.|KINDER MORGAN
EL PASO RUBY HOLDING CO LLC|KINDER MORGAN
ELK PETROLEUM LTD|ELK PETROLEUM
ENABLE MIDSTREAM PARTNERS LP|ENABLE MIDSTREAM PARTNERS
ENABLE MIDSTREAM PARTNERS, LP|ENABLE MIDSTREAM PARTNERS
ENBRIDGE ENERGY MANAGEMENT|ENBRIDGE
ENBRIDGE INC|ENBRIDGE
ENBRIDGE US INC|ENBRIDGE
ENCANA OIL & GAS (USA) INC|ENCANA OIL & GAS (USA)
ENCINO ENERGY LLC|ENCINO ENERGY
ENDEAVOR ENERGY RESOURCES LP|ENDEAVOR ENERGY RESOURCES
ENDURING RESOURCES LLC|ENDURING RESOURCES
ENDURING RESOURCES, LLC|ENDURING RESOURCES
ENEERVEST OPERATING LLC|ENEERVEST OPERATING
ENERGEN CORP|ENERGEN
ENERGY CORP OF AMERICA|ENERGY CORP OF AMERICA
ENERGY TRANSFER PARTNERS LP|ENERGY TRANSFER PARTNERS
ENERGY TRANSFER PARTNERS, LP|ENERGY TRANSFER PARTNERS
ENERGY XXI|ENERGY XXI
ENERGY XXI GOM LLC|ENERGY XXI
ENERGY XXI ONSHORE LLC|ENERGY XXI
ENERPLUS RESOURCES CORP|ENERPLUS RESOURCES
ENERVEST OPERATING LLC|ENERVEST OPERATING
ENGIE NORTH AMERICA INC|ENGIE NORTH AMERICA
ENGIE North America Inc|ENGIE NORTH AMERICA
ENI PETROLEUM US LLC|ENI PETROLEUM
ENI Petroleum|ENI PETROLEUM
ENI US OPERATING CO INC|ENI PETROLEUM
ENI US Operating Co Inc|ENI PETROLEUM
ENLINK MIDSTREAM LLC|ENLINK MIDSTREAM
ENOGEX HOLDINGS LLC|ENOGEX HOLDINGS
ENRIDGE INC|ENRIDGE
ENTERPRISE GAS PROCESSING LLC|ENTERPRISE PRODUCTS PARTNERS
ENTERPRISE LLC|ENTERPRISE PRODUCTS PARTNERS
ENTERPRISE PRODUCTS PARTNERS LP|ENTERPRISE PRODUCTS PARTNERS
ENTERPRISE PRODUCTS PARTNERS, LP|ENTERPRISE PRODUCTS PARTNERS
ENVEN ENERGY CORP|ENVEN ENERGY VENTURES
ENVEN ENERGY VENTURES LLC|ENVEN ENERGY VENTURES
EOG RESOURCES INC|EOG RESOURCES
EOG RESOURCES, INC|EOG RESOURCES
EOG Resources, Inc.|EOG RESOURCES
EOG Y Resources Inc|EOG RESOURCES
EP ENERGY E&P CO LP|EP ENERGY E&P CO
EP Energy E&P Company, LP|EP ENERGY E&P CO
EPIC MIDSTREAM LLC|EPIC MIDSTREAM
EPL OIL & GAS, INC.|EPL OIL & GAS
EQT CORP|EQT
EQUAL ENERGY|EQUAL ENERGY
EQUINOR GULF OF MEXICO LLC|EQUINOR US HOLDINGS
ERG RESOURCES LLC|ERG RESOURCES
ERG Resources, LLC|ERG RESOURCES
ESCAMBIA ASSET CO LLC|ESCAMBIA ASSET CO
EVERGREEN ENTERPRISE HOLDINGS LLC|EVERGREEN ENTERPRISE HOLDINGS
EXCO RESOURCES INC|EXCO RESOURCES
EXCO RESOURCES, INC|EXCO RESOURCES
EXCO RESOURCES, INC.|EXCO RESOURCES
EXCO RESOURCES, INCORPORATED|EXCO RESOURCES
EXCO Resources, Inc.|EXCO RESOURCES
EXCO/HGI JV Assets, LLC|EXCO RESOURCES
EXTERRAN HOLDINGS, INC|EXTERRAN HOLDINGS
EXTRACTION OIL & GAS INC|EXTRACTION OIL & GAS
EXXON MOBIL CORP|EXXONMOBIL
EXXONMOBIL CORP|EXXONMOBIL
EXXONMOBIL PRODUCTION COMPANY - Joint Interest US|EXXONMOBIL
Eagle Petroleum, LLC|EAGLE PETROLEUM
Eagle Rock GOM, L.P.|EAGLE ROCK ENERGY PARTNERS
EagleClaw Midstream Services, LLC|EAGLECLAW MIDSTREAM SERVICES
EagleClaw Mistream Services, LLC|EAGLECLAW MISTREAM SERVICES
EagleRidge Operating LLC|EAGLERIDGE OPERATING
East Tennessee Natural Gas, LLC|EAST TENNESSEE NATURAL GAS
Egan Hub Storage, LLC|EGAN HUB STORAGE
El Paso E&P Company, LP|KINDER MORGAN
El Paso Pipeline Partners, L.P|KINDER MORGAN
El Paso Pipeline Partners, L.P.|KINDER MORGAN
El Paso Pipeline Partners, LP|KINDER MORGAN
El Paso Pipeline Partners, LP.|KINDER MORGAN
El Paso Pipelines Partners, L.P.|KINDER MORGAN
El Paso Ruby Holding Company, L.L.C.|KINDER MORGAN
Eleanor Whitcomb, Robert Keady, & Linda K Boyd Trustees|ELEANOR WHITCOMB, ROBERT KEADY, & LINDA K BOYD TRUSTEES
Eleanor Whitcomb, Robert Keady, & Linda K. Boyd Trustees|ELEANOR WHITCOMB, ROBERT KEADY, & LINDA K. BOYD TRUSTEES
Elk Petroleum Madden Gas & CO2 LLC|ELK PETROLEUM MADDEN GAS & CO2
Elm Ridge Exploration Company, LLC|ELM RIDGE EXPLORATION COMPANY
EnLink Midstream|ENLINK MIDSTREAM
EnLink Midstream Services LLC|ENLINK MIDSTREAM
EnLink Midstream Services, LLC|ENLINK MIDSTREAM
EnLink North Texas Gathering, LP|ENLINK MIDSTREAM
EnLink North Texas Pipeline, LP|ENLINK MIDSTREAM
EnLink Permian, LLC|ENLINK MIDSTREAM
EnLink Texas Processing, LP|ENLINK MIDSTREAM
EnVen Energy Ventures LLC|ENVEN ENERGY VENTURES
Enbridg Energy Partners, L.P.|ENBRIDGE
Enbridge (US) INC|ENBRIDGE
Enbridge (US) Inc|ENBRIDGE
Enbridge Energy Partners LP|ENBRIDGE
Enbridge Energy Partners, L.P.|ENBRIDGE
Enbridge Energy Patners, L.P.|ENBRIDGE
Enbridge Inc|ENBRIDGE
Encana Oil & Gas (USA) Inc.|ENCANA OIL & GAS (USA)
Encino Energy, LLC|ENCINO ENERGY
Endeavor Energy Resources LP|ENDEAVOR ENERGY RESOURCES
Enduring Resources|ENDURING RESOURCES
EneerVest Operating, LLC|ENEERVEST OPERATING
EnerVest Operating, LLC|ENERVEST OPERATING
Energen Corporation|ENERGEN
Energy Corporation of America|ENERGY CORP OF AMERICA
Energy Resource Technology, Inc.|ENERGY RESOURCE TECHNOLOGY
Energy XXI GOM, LLC|ENERGY XXI
Enerplus Resources Corporation|ENERPLUS RESOURCES
Enervest Management Partners, Ltd.|ENERVEST OPERATING
Enervest Operating, L.L.C.|ENERVEST OPERATING
Enervest Operating, LLC|ENERVEST OPERATING
Enervest Operating, LLC.|ENERVEST OPERATING, LLC
Eni Petroleum Co. Inc.|ENI PETROLEUM
Eni Petroleum US LLC|ENI PETROLEUM
Eni US Operting Company Incorporated|ENI PETROLEUM
Enterprise Field Services, LLC|ENTERPRISE PRODUCTS PARTNERS
Enterprise Gas Processing|ENTERPRISE PRODUCTS PARTNERS
Enterprise Gas Processing, LLC|ENTERPRISE PRODUCTS PARTNERS
Enterprise Hydrocarbons, L.P.|ENTERPRISE PRODUCTS PARTNERS
Enterprise Hydrocarbons, LP|ENTERPRISE PRODUCTS PARTNERS
Enterprise Products LLC|ENTERPRISE PRODUCTS PARTNERS
Enterprise Products Operating LLC|ENTERPRISE PRODUCTS PARTNERS
Enterprise Products Operating, LLC|ENTERPRISE PRODUCTS PARTNERS
Equal Energy|EQUAL ENERGY
Equinor Gulf of Mexico LLC|EQUINOR US HOLDINGS
Equinor US Holdings Inc|EQUINOR US HOLDINGS
Equitrans Midstream|EQUITRANS MIDSTREAM
Ergon, Inc|ERGON
Escambia Asset Co. LLC|ESCAMBIA ASSET CO
Evergreen Enterprise Holdings LLC|EVERGREEN ENTERPRISE HOLDINGS
Evergreen Enterprise Holdings LLC, a Georgia LLC|EVERGREEN ENTERPRISE HOLDINGS
Exelon Corp|EXELON
Extraction Oil & Gas Inc|EXTRACTION OIL & GAS
Extraction Oil & Gas, LLC|EXTRACTION OIL & GAS
Exxon Mobil Corporation|EXXONMOBIL
Exxon Mobil Production Company|EXXONMOBIL
Exxon Mobile Corporation|EXXONMOBIL
Exxon Mobile Production Company|EXXONMOBIL
ExxonMobil|EXXONMOBIL
ExxonMobil Corporation|EXXONMOBIL
ExxonMobil Production|EXXONMOBIL
FAIRWAY RESOURCES LLC|FAIRWAY RESOURCES
FASKEN OIL & RANCH LTD|FASKEN OIL AND RANCH
FASKEN OIL AND RANCH, LTD|FASKEN OIL AND RANCH
FDL OPERATING LLC|FDL OPERATING
FDL OPERATING, LLC|FDL OPERATING
FIELDWOOD ENERGY LLC|FIELDWOOD ENERGY
FIML Natural Resources, LLC|FIML NATURAL RESOURCES
FL Rich Gas Services LP|FL RICH GAS SERVICES
FLORIDA GAS TRANSMISSION CO|FLORIDA GAS TRANSMISSION
FORMOSA PLASTICS CORP USA|FORMOSA PLASTICS CORP USA
FOUNDATION ENERGY CO|FOUNDATION ENERGY
FOUR WINDS MIDSTREAM LLC|FOUR WINDS MIDSTREAM
FOURPOINT ENERGY LLC|FOURPOINT ENERGY
FPL GROUP INC|FPL GROUP
FREEPORT LNG DEVELOPMENT LP|FREEPORT LNG DEVELOPMENT
FREEPORT LNG DEVELOPMENT, LP|FREEPORT LNG DEVELOPMENT
FREEPORT MCMORAN COPPER & GOLD|FREEPORT-MCMORAN
FREEPORT-MCMORAN INC|FREEPORT-MCMORAN
FREEPORT-MCMORAN OIL AND GAS, LLC|FREEPORT-MCMORAN
Famcor Oil, Inc.|FAMCOR OIL
Felix Energy, LLC|FELIX ENERGY
Fieldwood Energy, LLC|FIELDWOOD ENERGY
Flywheel Energy|FLYWHEEL ENERGY
Forest Oil Corporation|FOREST OIL
Formosa Hydrocarbons Company, Inc.|FORMOSA PLASTICS CORP USA
Foundation Energy Company|FOUNDATION ENERGY
FourPoint Energy, LLC|FOURPOINT ENERGY
Freeport-McMoRan Oil & Gas LLC|FREEPORT-MCMORAN
Freeport-McMoRan Oil & Gas, LLC|FREEPORT-MCMORAN
Fuels Acquisition Company|FUELS ACQUISITION
GALESI GROUP|GALESI GROUP
GAS TRANSMISSION SERVICE CO LLC|GAS TRANSMISSION SERVICES COMPANY
GDF SUEZ Energy NA Inc|GDF SUEZ ENERGY NA
GDF SUEZ North America|GDF SUEZ ENERGY NA
GE Energy Financial Services|GENERAL ELECTRIC
GENERAL ELECTRIC CO|GENERAL ELECTRIC
GENESIS ENERGY LP|GENESIS ENERGY
GEO R BROWN PARTNERSHIP LP|GEO R BROWN PARTNERSHIP
GEO R BROWN PTNR LP|GEO R BROWN PARTNERSHIP
GEOSOUTHERN ENERGY CORP|GEOSOUTHERN ENERGY
GIP-B1 MASTER PTNR LP|GIP-B1 MASTER PTNR
GIP-B1 MASTER PTNR LP & GIP-C HOLDING PTNR LP & GLOBAL INFRASTRUCTURE PTNR-A LP|GIP-B1 MASTER PTNR
GIP-B1 MASTER PTNR LP, GIP-C HOLDING PTNR LP, GLOBAL INFRASTRUCTURE PTNR-A LP|GIP-B1 MASTER PTNR
GOLDEN PASS LNG TERMINAL INVESTMENTS LLC|GOLDEN PASS LNG TERMINAL INVESTMENTS
GOODRICH PETROLEUM CO|GOODRICH PETROLEUM
GOODRICH PETROLEUM COMPANY|GOODRICH PETROLEUM
GOODRICH PETROLEUM CORP|GOODRICH PETROLEUM
GOODRICH PETROLEUM CORPORATION|GOODRICH PETROLEUM
GREAT LAKES GAS TRANSMISSION LP|GREAT LAKES GAS TRANSMISSION
GULF PINE ENERGY OPERATING LLC|GULF PINE ENERGY OPERATING
GULFPORT ENERGY CORP|GULFPORT ENERGY
GULFTEX ENERGY III LP|GULFTEX ENERGY III
Galesi Group|GALESI GROUP
Gas Tranmission Service CO LLC|GAS TRANSMISSION SERVICES COMPANY
Gas Transmission Northwest LLC|GAS TRANSMISSION SERVICES COMPANY
Gas Transmission Services Company LLC|GAS TRANSMISSION SERVICES COMPANY
Gasco Energy, Inc.|GASCO ENERGY
Geosouthern Energy Corporation|GEOSOUTHERN ENERGY
Global Infrastructure Partners - A|GLOBAL INFRASTRUCTURE PARTNERS - A
Grade 6 Oil|GRADE 6 OIL
Great Lakes Gas Transmission CO|GREAT LAKES GAS TRANSMISSION
Great Lakes Gas Transmission Company|GREAT LAKES GAS TRANSMISSION
Gulf Pine Energy Operating, LLC|GULF PINE ENERGY OPERATING
GulfTex Energy III, LP|GULFTEX ENERGY III
Gulfport Energy Corporation|GULFPORT ENERGY
HALCON RESOURCES CORP|HALCON RESOURCES
HARVEST ENERGY INC|HARVEST ENERGY
HARVEST PIPELINE CO|HARVEST PIPELINE
HAWKWOOD ENERGY MANAGEMENT LLC 220|HAWKWOOD ENERGY MANAGEMENT LLC 220
HELIS OIL & GAS LLC|HELIS OIL AND GAS COMPANY
HENRY RESOURCES LLC|HENRY RESOURCES
HESS CORP|HESS
HESS CORPORATION|HESS
HG Energy II Appalachia, LLC|HG ENERGY II APPALACHIA
HILCORP ENERGY CO|HILCORP ENERGY
HILCORP ENERGY COMPANY|HILCORP ENERGY
HINKLE OIL & GAS INC|HINKLE OIL & GAS
HOLMES WESTERN OIL CORP|HOLMES WESTERN OIL
HOWARD ENERGY PARTNERS|HOWARD ENERGY PARTNERS
HOWARD MIDSTREAM ENERGY PARTNERS LLC|HOWARD ENERGY PARTNERS
HUNT CONSOLIDATED INC|HUNT CONSOLIDATED
HUNT CONSOLIDATED, INC|HUNT CONSOLIDATED
HUNTINGTON ENERGY LLC|HUNTINGTON ENERGY
Halcon Resources Corporation|HALCON RESOURCES
Harvest Energy, Inc|HARVEST ENERGY
Harvest Energy, Inc.|HARVEST ENERGY
Hawkwood Energy Management, LLC 220|HAWKWOOD ENERGY MANAGEMENT, LLC 220
Helis Oil & Gas, LLC|HELIS OIL AND GAS COMPANY
Helis Oil and Gas Company, L.L.C.|HELIS OIL AND GAS COMPANY
Helis Oil and Gas Company, LLC|HELIS OIL AND GAS COMPANY
Henry Resources LLC|HENRY RESOURCES
Hess Corporation|HESS
HighPoint Resources Corp|HIGHPOINT RESOURCES
Hiland Partners LP|HILAND PARTNERS
Hilcorp Alaska LLC|HILCORP ENERGY
Hilcorp Alaska, LLC|HILCORP ENERGY
Hilcorp Energy Company|HILCORP ENERGY
Holmes Western Oil Corp|HOLMES WESTERN OIL
Hoover Energy Partners LP|HOOVER ENERGY PARTNERS
Hunt Oil Company|HUNT CONSOLIDATED
Huntington Energy, L.L.C|HUNTINGTON ENERGY
IACX ENERGY LLC|IACX ENERGY
INDIGO MINERALS LLC|INDIGO MINERALS
INTEGRYS ENERGY GROUP INC|INTEGRYS ENERGY GROUP
IPR-GDF Suez North America|IPR-GDF SUEZ NORTH AMERICA
IROQUOIS GAS TRANSMISSION SYSTEM LP|IROQUOIS GAS TRANSMISSION SYSTEM
IROQUOIS GAS TRANSMISSION SYSTEM, LP|IROQUOIS GAS TRANSMISSION SYSTEM
Indigo Minerals, LLC|INDIGO MINERALS
Indigo Resources LLC|INDIGO MINERALS
Inergy West Coast LLC|INERGY WEST COAST
Integrys Energy Group Inc|INTEGRYS ENERGY GROUP
J CLEO THOMPSON & JAMES CLEO THOMPSON JR L P|J CLEO THOMPSON & JAMES CLEO THOMPSON JR
J CLEO THOMPSON & JAMES CLEO THOMPSON JR LP|J CLEO THOMPSON & JAMES CLEO THOMPSON JR
J-W Operating Company|J-W OPERATING
J. Cleo Thompson & James Cleo Thompson, Jr. L.P.|J CLEO THOMPSON & JAMES CLEO THOMPSON JR
JAGGED PEAK ENERGY LLC|JAGGED PEAK ENERGY
JAMES LAKE MIDSTREAM LLC|JAMES LAKE MIDSTREAM
JAMES LAKE MIDSTREAM, LLC|JAMES LAKE MIDSTREAM
JAY-BEE OIL & GAS LLC|JAY-BEE OIL & GAS
JAYNE WRIGHTSMAN CO|JAYNE WRIGHTSMAN
JKLM ENERGY LLC|JKLM ENERGY
JMA ENERGY CO LLC|JMA ENERGY COMPANY
JMA Energy Company LLC|JMA ENERGY COMPANY
JOHNSON & LINDLEY INC|JOHNSON AND LINDLEY
JOHNSON AND LINDLEY, INC|JOHNSON AND LINDLEY
JOHNSON LINDLEY, INC|JOHNSON AND LINDLEY
JONAH ENERGY HOLDINGS LLC|JONAH ENERGY HOLDINGS
JONES ENERGY HOLDINGS LLC|JONES ENERGY HOLDINGS
JORDAN DEVELOPMENT CORP LLC|JORDAN DEVELOPMENT CORP
Jagged Peak Energy LLC|JAGGED PEAK ENERGY
Jayne Wrightsman Company|JAYNE WRIGHTSMAN
Jonah Energy Holdings LLC|JONAH ENERGY HOLDINGS
Jones Energy Holdings, LLC|JONES ENERGY HOLDINGS
Jordan Development Corporation, LLC|JORDAN DEVELOPMENT CORP
KAISER-FRANCIS OIL CO|KAISER-FRANCIS OIL
KASH OIL & GAS - BASIN 220|KASH OIL & GAS - BASIN 220
KERR MCGEE GATHERING, LLC|KERR MCGEE GATHERING
KINDER MORGAN|KINDER MORGAN
KINDER MORGAN ENERGY PTNR LP|KINDER MORGAN
KINDER MORGAN INC|KINDER MORGAN
KINDER MORGAN OPERATING LP|KINDER MORGAN
KINDER MORGAN SNG OPERATOR LLC|KINDER MORGAN
KINETICA PARTNERS LLC|KINETICA PARTNERS
KINGFISHER MIDSTREAM LLC|KINGFISHER MIDSTREAM
KKR & Co|KKR
KOCH INDUSTRIES INC|KOCH INDUSTRIES
KREWE ENERGY LLC|KREWE ENERGY
Kaiser-Francis Oil Company|KAISER-FRANCIS OIL
Kash Oil & GAS - Basin 220|KASH OIL & GAS - BASIN 220
Key Production Co.|KEY PRODUCTION
Kinder Morgan|KINDER MORGAN
Kinder Morgan Energy Partners|KINDER MORGAN
Kinder Morgan Energy Partners L.P.|KINDER MORGAN
Kinder Morgan Energy Partners, L..P.|KINDER MORGAN
Kinder Morgan Energy Partners, L.P|KINDER MORGAN
Kinder Morgan Energy Partners, L.P.|KINDER MORGAN
Kinder Morgan Energy Partners, LP|KINDER MORGAN
Kinder Morgan Energy Partners. L.P.|KINDER MORGAN
Kinder Morgan Engergy Partners, L.P.|KINDER MORGAN
Kinder Morgan Operating Limited Partnership|KINDER MORGAN
Kinder Morgan SNG Operator LLC|KINDER MORGAN
Kinder Morgan SNG Operator LLC, a Delaware LLC|KINDER MORGAN
Kinder Morgan W2E Pipeline LLC|KINDER MORGAN
Kinder Morgan, Inc.|KINDER MORGAN
Kinder Morgen Energy Partners, L.P.|KINDER MORGAN
Kinder Morgn Energy Partners L.P.|KINDER MORGAN
Kinder Morgn Energy Partners, L.P.|KINDER MORGAN
Kinetica Partners LLC|KINETICA PARTNERS
Kingfisher Midstream, LLC|KINGFISHER MIDSTREAM
Koch Exploration Company, LLC|KOCH INDUSTRIES
Kodiak Oil& Gas Corp.|KODIAK OIL& GAS
Kraken Oil & Gas II, LLC|KRAKEN OIL & GAS
Kraken Oil & Gas, LLC|KRAKEN OIL & GAS
LAMBDA ENERGY RESOURCES, LLC|LAMBDA ENERGY RESOURCES
LANDRETH CO STOCKHOLDERS|LANDRETH COMPANY STOCKHOLDERS
LARAMIE ENERGY II LLC|LARAMIE ENERGY
LARAMIE ENERGY LLC|LARAMIE ENERGY
LAREDO ENERGY LLC|LAREDO PETROLEUM
LAREDO PETROLEUM|LAREDO PETROLEUM
LEED PETROLEUM LLC|LEED PETROLEUM
LEGACY RESERVES OPERATING LP|LEGACY RESERVES OPERATING
LEGEND NATURAL GAS LLC|LEGEND NATURAL GAS
LEWIS ENERGY GROUP LP|LEWIS ENERGY GROUP
LIBERTY RESOURCES LLC|LIBERTY RESOURCES
LIME ROCK RESOURCES|LIME ROCK RESOURCES
LIME ROCK RESOURCES IV-A LP|LIME ROCK RESOURCES
LINN ENERGY|LINN ENERGY
LINN ENERGY, INC|LINN ENERGY
LINN ENERGY, LLC|LINN ENERGY
LIQUEFIED NATURAL GAS LTD|LIQUEFIED NATURAL GAS
LLOG EXPLORATION OFFSHORE LLC|LLOG EXPLORATION OFFSHORE
LLOG Exploration Offshore, L.L.C.|LLOG EXPLORATION OFFSHORE
LLOG Exploration Offshore, LLC|LLOG EXPLORATION OFFSHORE
LOEWS CORP|LOEWS
LOGOS RESOURCES II LLC|LOGOS RESOURCES II
LOGOS Resources II LLC|LOGOS RESOURCES II
LONESTAR RESOURCES LTD|LONESTAR RESOURCES
LONGFELLOW ENERGY LP|LONGFELLOW ENERGY
LOUIS DREYFUS CORP INC|LOUIS DREYFUS CORP
LP 224 LLC|LP 224
LUCID ENERGY DELAWARE|LUCID ENERGY DELAWARE
LUCID ENERGY WESTEX LLC|LUCID ENERGY WESTEX
LUFF EXPLORATION CO|LUFF EXPLORATION
LYDA HUNT BUNKER TRUST-MARY MORELAND HUNT|LYDA HUNT BUNKER TRUST-MARY MORELAND HUNT
Landreth Company Stockholders|LANDRETH COMPANY STOCKHOLDERS
Laramie Energy II, LLC|LARAMIE ENERGY
Laredo Energy LLC|LAREDO PETROLEUM
Laredo Petroleum|LAREDO PETROLEUM
Le Norman Operating LLC|LE NORMAN OPERATING
Leed Petroleum LLC|LEED PETROLEUM
Legacy Reserves Operating LP|LEGACY RESERVES OPERATING
Legend Natural Gas, LLC|LEGEND NATURAL GAS
Lewis Energy Group, L.P.|LEWIS ENERGY GROUP
Liberty Resources LLC|LIBERTY RESOURCES
Lime Rock Resources|LIME ROCK RESOURCES
Lime Rock Resources III-A, LP|LIME ROCK RESOURCES
Linn Energy, LLC|LINN ENERGY
Lucid Energy Delaware|LUCID ENERGY DELAWARE
Lucid Energy WesTex, LLC|LUCID ENERGY WESTEX
Luff Exploration Company|LUFF EXPLORATION
M3 OHIO GATHERING LLC|M3 OHIO GATHERING
M3 Ohio Gathering LLC|M3 OHIO GATHERING
MACPHERSON OIL CO|MACPHERSON OIL
MACQUARIE INFRASTRUCTURE AND REAL ASSETS|MACQUARIE INFRASTRUCTURE CO
MACQUARIE INFRASTRUCTURE CO LLC|MACQUARIE INFRASTRUCTURE CO
MAERSK OIL GULF OF MEXICO FOUR LLC|MAERSK OIL GULF OF MEXICO FOUR
MARATHON OIL CO|MARATHON OIL
MARATHON OIL COMPANY|MARATHON OIL
MARATHON PETROLEUM CO LP|MARATHON OIL
MARKWEST ENERGY PARTNERS LP|MARKWEST ENERGY PARTNERS
MARKWEST ENERGY PARTNERS, LP|MARKWEST ENERGY PARTNERS
MARLIN MIDSTREAM, LLC|MARLIN MIDSTREAM
MARSH OIL & GAS COMPANY|MARSH OIL & GAS
MARUBENI INTERNATIONAL|MARUBENI INTERNATIONAL
MARUBENI POWER AMERICA INC|MARUBENI INTERNATIONAL
MATADOR PRODUCTION CO|MATADOR PRODUCTION
MAVERICK NATURAL RESOURCES, LLC|MAVERICK NATURAL RESOURCES
MCELVAIN ENERGY INC|MCELVAIN ENERGY
MDU RESOURCES GROUP INC|MDU RESOURCES GROUP
MDU Resources Group Inc|MDU RESOURCES GROUP
MEDUSA SPAR LLC|MEDUSA SPAR
MEMORIAL PRODUCTION PARTNERS LLC|MEMORIAL RESOURCE DEVELOPMENT
MEMORIAL RESOURCE DEVELOPMENT LLC|MEMORIAL RESOURCE DEVELOPMENT
MERIT ENERGY CO|MERIT ENERGY
MERIT ENERGY CO LLC|MERIT ENERGY
MERIT ENERGY CO, LLC|MERIT ENERGY
MERIT ENERGY PARTNERS|MERIT ENERGY
MID-AMERICAN ENERGY HOLDINGS CO|MID-AMERICAN ENERGY HOLDINGS
MIDCOAST ENERGY LLC|MIDCOAST ENERGY
MIDDLE FORK ENERGY PARTNERS LLC|MIDDLE FORK ENERGY PARTNERS
MIDLAND OIL AND GAS, INC|MIDLAND OIL AND GAS
MIDSTATES PETROLEUM CO LLC|MIDSTATES PETROLEUM COMPANY
MIDSTATES PETROLEUM COMPANY, LLC|MIDSTATES PETROLEUM COMPANY
MIDSTREAM ENERGY PARTNERS USA LLC|MIDSTREAM ENERGY PARTNERS USA
MISSOURI RIVER RESOURCES|MISSOURI RIVER RESOURCES
MLCJR LLC|MLCJR
MMGJ COLORADO LLC|MMGJ COLORADO
MOBIL PRODUCING TEXAS & NEW MEXICO|MOBIL PRODUCING TEXAS & NEW MEXICO
MONARCH NATURAL GAS LLC|MONARCH NATURAL GAS
MONCRIEF PARTNERS LP|MONCRIEF PARTNERS
MOON HINES TIGRETT OPERATING CO LLC|MOON HINES TIGRETT OPERATING COMPANY
MORGAN STANLEY|MORGAN STANLEY
MORGAN STANLEY IP Southern Star LLC|MORGAN STANLEY
MOUNTAINEER GAS HOLDINGS LP|MOUNTAINEER GAS HOLDINGS
MOUNTAINEER KEYSTONE LLC|MOUNTAINEER KEYSTONE
MP GULF OF MEXICO LLC|MP GULF OF MEXICO
MPLX LP|MPLX
MUNICIPAL LIGHT & POWER|MUNICIPAL LIGHT & POWER
MUREX PETROLEUM CORP|MUREX PETROLEUM
MURPHY EXPLORATION (ALASKA), INC|MURPHY OIL
MURPHY OIL CORP|MURPHY OIL
MURPHY OIL USA INC|MURPHY OIL
MUSKEGON DEVELOPMENT CO|MUSKEGON DEVELOPMENT
MUSTANG FUEL CORP|MUSTANG FUEL
Magnolia Oil & Gas Operating LLC|MAGNOLIA OIL & GAS OPERATING
Magnum Hunter Resources Corporation|MAGNUM HUNTER RESOURCES
Manager Global Market Development, Gas and Power Mar|MANAGER GLOBAL MARKET DEVELOPMENT, GAS AND POWER MAR
Manti Exploration Operating, LLC|MANTI EXPLORATION OPERATING
Marathon Alaska Production, LLC|MARATHON OIL
Marathon Oil Company|MARATHON OIL
Maritimes & Northeast Pipeline, LLC|MARITIMES & NORTHEAST PIPELINE
MarkWest Energy Partners, LP|MARKWEST ENERGY PARTNERS
Marlin Midstream, LLC|MARLIN MIDSTREAM
Marubeni Oil & Gas USA LLC|MARUBENI INTERNATIONAL
Matador Production Company|MATADOR PRODUCTION
Maverick Natural Resources, LLC|MAVERICK NATURAL RESOURCES
McElvain Energy Inc|MCELVAIN ENERGY
Medallion Midstream 2 LLC|MEDALLION MIDSTREAM 2
Medusa Spar LLC|MEDUSA SPAR
Memorial Production Operating, LLC|MEMORIAL RESOURCE DEVELOPMENT
Memorial Resource Development LLC|MEMORIAL RESOURCE DEVELOPMENT
Micoast Energy LLC|MICOAST ENERGY
MidMar Gas LLC|MIDMAR GAS
Midstates Petroleum Company, LLC|MIDSTATES PETROLEUM COMPANY
Milagro Exploration, LLC|MILAGRO EXPLORATION
Mission Creek OpCo LLC|MISSION CREEK OPCO
Mobile Producing Texas & New Mexico Inc|MOBIL PRODUCING TEXAS & NEW MEXICO
Monarch Natural Gas, LLC|MONARCH NATURAL GAS
Moncrief Partners, L.P.|MONCRIEF PARTNERS
Moon Hines Tigrett Operating Company, LLC|MOON HINES TIGRETT OPERATING COMPANY
Morgan Stanley IP  Southern Star LLC|MORGAN STANLEY
Morgan Stanley IP Southern Star LLC|MORGAN STANLEY
Mountaineer Keystone, LLC|MOUNTAINEER KEYSTONE
Municipal Light & Power|MUNICIPAL LIGHT & POWER
Murex Petroleum Corporation|MUREX PETROLEUM
Murphy Oil Corporation|MURPHY OIL
Muskegon Development Company|MUSKEGON DEVELOPMENT
NADEL & GUSSMAN LLC|NADEL & GUSSMAN
NAFTEX OPERATING CO|NAFTEX OPERATING
NATIONAL FUEL GAS CO|NATIONAL FUEL GAS
NATIONAL GRID USA|NATIONAL GRID USA
NATURAL GAS PARTNERS|NATURAL GAS PARTNERS
NAVITAS MIDSTREAM|NAVITAS MIDSTREAM
NBL MIDSTREAM HOLDINGS LLC|NBL MIDSTREAM HOLDINGS
NBL Midstream Holdings LLC|NBL MIDSTREAM HOLDINGS
NEWARK E&P OPERATING LLC|NEWARK E&P OPERATING
NEWARK E&P OPERATING, LLC|NEWARK E&P OPERATING
NEWFIELD EXPLORATION CO|NEWFIELD EXPLORATION
NEXTERA ENERGY INC|NEXTERA ENERGY RESOURCES
NEXTERA ENERGY RESOURCES|NEXTERA ENERGY RESOURCES
NFR Energy LLC|NFR ENERGY
NGL VENTURES LLC|NGL VENTURES
NGL Ventures LLC|NGL VENTURES
NHIP II Bison Holdings, LLC|NHIP II BISON HOLDINGS
NINE POINT ENERGY HOLDINGS INC|NINE POINT ENERGY HOLDINGS
NISKA GAS STORAGE|NISKA GAS STORAGE
NISOURCE INC|NISOURCE
NOBLE ENERGY INC|NOBLE ENERGY
NON-EXXONMOBIL CORP|NON-EXXONMOBIL INTERESTS
NORTEX MIDSTREAM PARTNERS LLC|NORTEX MIDSTREAM PARTNERS
NORTHEAST NATURAL ENERGY LLC|NORTHEAST NATURAL ENERGY
NORTHERN BORDER PIPELINE CO|NORTHERN BORDER PIPELINE
NORTHERN COLORADO OIL & GAS HOLDINGS LLC|NORTHERN COLORADO OIL & GAS HOLDINGS
NORTHERN NATURAL GAS CO|NORTHERN NATURAL GAS
NORTHERN NEW ENGLAND ENERGY CORP|NORTHERN NEW ENGLAND ENERGY
NORTHWESTERN ENERGY CORP|NORTHWESTERN ENERGY
Nadel & Gussman, LLC|NADEL & GUSSMAN
Nadel and Gussman HEYCO, LLC|NADEL & GUSSMAN
Nadel and Gussman, LLC|NADEL & GUSSMAN
Naftex Operating Company|NAFTEX OPERATING
National Grid Holdings Inc|NATIONAL GRID USA
Navajo Nation Oil and Gas|NAVAJO NATION OIL AND GAS
Navitas Midstream Midland Basin LLC|NAVITAS MIDSTREAM
Newfield Exploration Co|NEWFIELD EXPLORATION
Newfield Exploration Company|NEWFIELD EXPLORATION
Nine Point Energy Holdings, Inc|NINE POINT ENERGY HOLDINGS
Niska Gas Storage|NISKA GAS STORAGE
Niska Gas Storage Partners|NISKA GAS STORAGE
Niska Gas Storage Partners LP|NISKA GAS STORAGE
Noble Energy Inc.|NOBLE ENERGY
Noble Energy, INCORPORATED|NOBLE ENERGY
Noble Energy, Inc|NOBLE ENERGY
Noble Midstream Services|NOBLE MIDSTREAM SERVICES
Non-ExxonMobil Interests|NON-EXXONMOBIL INTERESTS
NorTex Midstream Partners, LLC|NORTEX MIDSTREAM PARTNERS
North Baja Pipeline, LLC|NORTH BAJA PIPELINE
North Shore E&P|NORTH SHORE E&P
Northeast Natural Energy LLC|NORTHEAST NATURAL ENERGY
Northern Border Pipeline Co|NORTHERN BORDER PIPELINE
Northern Colorado Oil & Gas Holdings, LLC|NORTHERN COLORADO OIL & GAS HOLDINGS
Northern Natural Gas Company|NORTHERN NATURAL GAS
Northern Pipeline Border Co|NORTHERN PIPELINE BORDER
Northwoods Energy LLC|NORTHWOODS ENERGY
Nuevo Midstream, LLC|NUEVO MIDSTREAM
OAK RIDGE NATURAL RESOURCES LLC|OAK RIDGE NATURAL RESOURCES
OAK VALLEY OPERATING LLC|OAK VALLEY OPERATING
OASIS PETROLEUM|OASIS PETROLEUM
OCCIDENTAL PERMIAN LTD|OCCIDENTAL PETROLEUM
OCCIDENTAL PETROLEUM CORP|OCCIDENTAL PETROLEUM
OLDHAM FAMILY LLC|OLDHAM FAMILY
OMIMEX|OMIMEX
ONEOK INC|ONEOK
ONEOK PARTNERS LP|ONEOK
ONEOK Partners, L.P.|ONEOK
ONEOK Partnership, L.P.|ONEOK
ORX RESOURCES LLC|ORX RESOURCES
OXY Y-1 / RIO DE VIENTO INC|OXY
Oak Ridge Natural Resources, LLC|OAK RIDGE NATURAL RESOURCES
Oasis Petroleum|OASIS PETROLEUM
Occidental Permian LTD|OCCIDENTAL PETROLEUM
Occidental Petroleum Corp|OCCIDENTAL PETROLEUM
Occidental Petroleum Corporation|OCCIDENTAL PETROLEUM
Occidential Petroleum Corporation|OCCIDENTIAL PETROLEUM
Oldham Family LLC|OLDHAM FAMILY
Own Resources Operating LLC|OWN RESOURCES OPERATING
Oxy|OXY
Oxy Y-1 / Rio de Viento, Inc.|OXY
P&S Project I, LLC|P&S PROJECT I
P66REX LLC|PHILLIPS 66
PACIFIC GAS & ELECTRIC CO|PACIFIC GAS & ELECTRIC
PANHANDLE EASTERN PIPE LINE CO|PANHANDLE EASTERN PIPE LINE
PARADIGM ENERGY PARTNERS LLC|PARADIGM ENERGY PARTNERS
PARADOX RESOURCES LLC|PARADOX RESOURCES
PARALLEL ENERGY LP|PARALLEL ENERGY
PARALLEL PETROLEUM, LLC|PARALLEL PETROLEUM
PARSLEY ENERGY INC|PARSLEY ENERGY
PATARA OIL & GAS LLC|PATARA OIL & GAS
PAXTON RESOURCES|PAXTON RESOURCES
PDC ENERGY INC|PDC ENERGY
PDC Energy, INC|PDC ENERGY
PDC Mountaineer LLC|PDC ENERGY
PDC Permian, Inc|PDC ENERGY
PEAK EXPLORATION & PRODUCTION LLC|PEAK EXPLORATION & PRODUCTION
PEMBINA PIPELINE CORP|PEMBINA PIPELINE
PENNSYLVANIA GENERAL ENERGY CO LLC|PENNSYLVANIA GENERAL ENERGY COMPANY
PENNSYLVANIA LAND RESOURCES HOLDING CO LLC|PENNSYLVANIA LAND RESOURCES HOLDING COMPANY
PENSARELI INC|PENSARELI
PER MANAGER LLC|PER MANAGER
PER Manager, LLC|PER MANAGER
PERMIAN BASIN LP|PERMIAN BASIN
PERMIAN BASIN LTD PTNR|PERMIAN BASIN
PERMIAN BASIN LTD PTP|PERMIAN BASIN
PERMIAN RESOURCES HOLDINGS LLC|PERMIAN RESOURCES
PETRO HARVESTER OIL & GAS LLC|PETRO HARVESTER OIL & GAS
PETRO-HUNT LLC|PETRO-HUNT
PETROBAL OMEGA 1 LLC|PETROBAL OMEGA 1
PETROBRAS AMERICA INC|PETROBRAS AMERICA
PHILLIPS 66|PHILLIPS 66
PINTAIL OIL & GAS|PINTAIL OIL & GAS
PIONEER NATURAL RESOURCES USA INC|PIONEER NATURAL RESOURCES USA
PIONEER NATURAL RESOURCES USA, INC|PIONEER NATURAL RESOURCES USA
PIPECO LLC|PIPECO
PLAINS ALL AMERICAN GP LLC|PLAINS ALL AMERICAN GP
PLAINS EXPLORATION & PROD / POGO PRODUCING CO|PLAINS EXPLORATION & PRODUCTION
PLAINS EXPLORATION & PRODUCTION CO|PLAINS EXPLORATION & PRODUCTION
PROSPECT CAPITAL CORP|PROSPECT CAPITAL
PRUET PRODUCTION CO|PRUET PRODUCTION
PSI MIDSTREAM PARTNERS L P|PSI MIDSTREAM PARTNERS
PSI Midstream Partners, L.P.|PSI MIDSTREAM PARTNERS
PUBLIC SERVICE ENTERPRISE GROUP INC|PUBLIC SERVICE ENTERPRISE GROUP
PVR MIDSTREAM LLC|PVR MIDSTREAM
PXP OFFSHORE|PXP OFFSHORE
PXP Offshore|PXP OFFSHORE
Pacific Energy Alaska Operating, LLC|PACIFIC ENERGY ALASKA OPERATING
Pacific Gas and Electric Company|PACIFIC GAS & ELECTRIC
Panther Energy Co II|PANTHER ENERGY
Panther Energy Company|PANTHER ENERGY
Parallel Energy LP|PARALLEL ENERGY
Patara Midstream, LLC|PATARA OIL & GAS
Patara Oil & Gas LLC|PATARA OIL & GAS
Paxton Resources|PAXTON RESOURCES
Peak Powder River Resources|PEAK POWDER RIVER RESOURCES
Pembina Pipeline CORP|PEMBINA PIPELINE
Penn Virginia Corp|PENN VIRGINIA
Penn Virginia Corporation|PENN VIRGINIA
PennTex Midstream Partners, LLC|PENNTEX MIDSTREAM PARTNERS
Pennsylvania General Energy Company LLC|PENNSYLVANIA GENERAL ENERGY COMPANY
Pennsylvania General Energy Company, LLC|PENNSYLVANIA GENERAL ENERGY COMPANY
Pennsylvania Land Resources Holding Company, LLC|PENNSYLVANIA LAND RESOURCES HOLDING COMPANY
Permian Basin Limited Partnership|PERMIAN BASIN
Permian Resources LLC|PERMIAN RESOURCES
Petro Harvester Oil & Gas, LLC|PETRO HARVESTER OIL & GAS
Philip T Sharples Trust|PHILIP T SHARPLES TRUST
Philip T. Sharples Trust|PHILIP T SHARPLES TRUST
Phillips 66|PHILLIPS 66
Phillips 66 Company|PHILLIPS 66
Phillips 66 Sweeny Frac LLC|PHILLIPS 66
Phillips66 Company|PHILLIPS 66
Pillsbury, Winthrop, Shaw, Pittman LLP|PILLSBURY, WINTHROP, SHAW, PITTMAN
Pintail Oil & Gas|PINTAIL OIL & GAS
Pioneer Natural Resources USA Inc|PIONEER NATURAL RESOURCES USA
Plains All American Pipeline, GP|PLAINS ALL AMERICAN GP
Plains All American Pipeline, LP|PLAINS ALL AMERICAN GP
Plains Exploration & Prod. / Pogo Producing Company|PLAINS EXPLORATION & PRODUCTION
Plains LPG Services|PLAINS LPG SERVICES
Plains Natural Gas Storage, LLC|PLAINS NATURAL GAS STORAGE
Port Barre Investments, LLC d/b/a Bobcat Gas Stora|PORT BARRE INVESTMENTS, LLC D/B/A BOBCAT GAS STORA
Port Parre Investments, LLC d/b/a Bobcat Gas Stora|PORT PARRE INVESTMENTS, LLC D/B/A BOBCAT GAS STORA
Premier Natural Resources, LLC|PREMIER NATURAL RESOURCES
Primary Natural Resources III, LLC|PREMIER NATURAL RESOURCES
Primary Natural Resources IV, LLC|PREMIER NATURAL RESOURCES
Prime Operating Company|PRIME OPERATING
Pruet Production Company|PRUET PRODUCTION
QEP Field Services, LLC|QEP RESOURCES
QEP Midstream Partners, LP|QEP RESOURCES
QEP RESOURCES INC|QEP RESOURCES
QTL US TERMINAL LLC|QTL US TERMINAL
QUANTUM RESOURCES MANAGEMENT LLC|QUANTUM RESOURCES MANAGEMENT
QUANTUM RESOURCES MANAGEMENT, LLC|QUANTUM RESOURCES MANAGEMENT
QUANTUM RESOURCES MGT LLC|QUANTUM RESOURCES MANAGEMENT
QUESTAR CORP|QUESTAR
QUICKSILVER RESOURCES INC|QUICKSILVER RESOURCES
Quicksilver Resources Inc.|QUICKSILVER RESOURCES
Quicksilver Resources, Inc.|QUICKSILVER RESOURCES
RANGE RESOURCES CORP|RANGE RESOURCES
REGENCY ENERGY PARTNERS LP|REGENCY ENERGY PARTNERS
REGENCY MIDCONTINENT EXPRESS PIPELINE I LLC|REGENCY ENERGY PARTNERS
REGENCY MIDCONTINENT EXPRESS PIPELINE LLC|REGENCY ENERGY PARTNERS
REM|REM
REPSOL OIL & GAS USA LLC|REPSOL OIL & GAS USA
RESOLUTE ENERGY CORP|RESOLUTE ENERGY
RESOURCE ENERGY CAN-AM LLC|RESOURCE ENERGY
RESOURCE STRATEGIES|RESOURCE STRATEGIES
REX ENERGY OPERATING CORP|REX ENERGY OPERATING
RICE ENERGY INC|RICE ENERGY
RIM Operating, Inc|RIM OPERATING
RKI|RKI
RKI EXPLORATION & PRODUCTION LLC|RKI
RKI Exploration & Production LLC|RKI
ROBERTSON-FINLEY RESOURCES INC|ROBERTSON-FINLEY RESOURCES
ROCKCLIFF ENERGY II LLC|ROCKCLIFF ENERGY II
ROCKIES EXPRESS HOLDINGS LLC|ROCKIES EXPRESS HOLDINGS
ROCKPOINT GAS STORAGE PARTNERS LP|ROCKPOINT GAS STORAGE PARTNERS
ROSETTA RESOURCES OPERATING LP|ROSETTA RESOURCES OPERATING
ROSEWOOD RESOURCES INC|ROSEWOOD RESOURCES
ROSEWOOD RESOURCES, INC|ROSEWOOD RESOURCES
ROWDY PIPELINE LLC|ROWDY PIPELINE
RSP PERMIAN LLC|RSP PERMIAN
RSP Permian, LLC|RSP PERMIAN
RUDY RESOURCES LP|RUDY RESOURCES
Ranch Westex JV LLC|RANCH WESTEX JV
Range Resources - Appalachia, LLC & Range Resources - Pine Mountain, LLC|RANGE RESOURCES
Range Resources - Pine Mountain, LLC & Range Resources - Appalachia, LLC|RANGE RESOURCES
Range Texas Production, LLC|RANGE RESOURCES
Range Texas Production, LLC & Range Operating New Mexico, LLC|RANGE RESOURCES
Recoil Resources Operating, Inc|RECOIL RESOURCES OPERATING
Regency Midcontinent Express Pipeline, LLC|REGENCY ENERGY PARTNERS
Repsol Oil & Gas USA, LLC|REPSOL OIL & GAS USA
Resolute Energy Corporation|RESOLUTE ENERGY
Resolute Natural Resources Company|RESOLUTE ENERGY
Resource Energy Can-Am LLC|RESOURCE ENERGY
Rex Energy Operating Corporation|REX ENERGY OPERATING
Ricochet Energy, Inc.|RICOCHET ENERGY
Rise Energy Partners, LP|RISE ENERGY PARTNERS
Roan Resources LLC|ROAN RESOURCES
Rockall Energy LLC|ROCKALL ENERGY
Rockies Express Holdings, LLC|ROCKIES EXPRESS HOLDINGS
Rockpoint Gas Storage Partners LP|ROCKPOINT GAS STORAGE PARTNERS
Rosetta Resources Operating LP|ROSETTA RESOURCES OPERATING
Rowdy Pipeline LLC|ROWDY PIPELINE
S NATURAL GAS CO, LLC|S NATURAL GAS CO
S2 Energy Operating, LLC|S2 ENERGY OPERATING
SABINE OIL & GAS LLC|SABINE OIL AND GAS
SAGA PETROLEUM LLC|SAGA PETROLEUM
SAGE NATURAL RESOURCES LLC|SAGE NATURAL RESOURCES
SAGE NATURAL RESOURCES, LLC|SAGE NATURAL RESOURCES
SAMSON ENERGY CO LLC|SAMSON RESOURCES
SAMSON RESOURCES|SAMSON RESOURCES
SAMSON RESOURCES CORPORATION|SAMSON RESOURCES
SAMUEL GARY JR ASSOCIATES INC|SAMUEL GARY JR ASSOCIATES
SANCHEZ OIL & GAS|SANCHEZ OIL AND GAS
SANDRIDGE ENERGY INC|SANDRIDGE ENERGY
SANDRIDGE ENERGY OFFSHORE, LLC|SANDRIDGE ENERGY
SANDRIDGE ENERGY, INC|SANDRIDGE ENERGY
SANGUINE GAS EXPLORATION LLC|SANGUINE GAS EXPLORATION
SANGUINE GAS EXPLORATION, LLC|SANGUINE GAS EXPLORATION
SAVANT ALASKA LLC|SAVANT ALASKA
SBM OFFSHORE|SBM OFFSHORE
SBM Offshore|SBM OFFSHORE
SCANA CORP|SCANA
SCOUT ENERGY MANAGEMENT LLC|SCOUT ENERGY MANAGEMENT
SEMGAS LP|SEMGAS
SEMPRA ENERGY|SEMPRA ENERGY
SEMPRA ENERGY INC|SEMPRA ENERGY
SENECA RESOURCES CORP|SENECA RESOURCES
SENTINEL PEAK RESOURCES|SENTINEL PEAK RESOURCES
SEQUITUR EAST TEXAS LLC|SEQUITUR EAST TEXAS
SHD OIL & GAS LLC|SHD OIL & GAS
SHELL OIL CO|SHELL OIL
SHERIDAN PRODUCTION CO LLC|SHERIDAN PRODUCTION COMAPNY
SHORELINE ENERGY LLC|SHORELINE ENERGY
SIGNAL HILL PETROLEUM INC|SIGNAL HILL PETROLEUM
SILVER CREEK OIL & GAS LLC|SILVER CREEK OIL & GAS
SILVERBACK MIDSTREAM LLC|SILVERBACK MIDSTREAM
SK E&P|SK E&P
SK Nemaha, LLC|SK NEMAHA
SK PLYMOUTH LLC|SK PLYMOUTH
SLAWSON COMPANIES INC|SLAWSON COMPANIES
SM ENERGY CO|SM ENERGY
SM Energy|SM ENERGY
SM Energy Company|SM ENERGY
SN EF MAVERICK LLC|SN EF MAVERICK
SOUTHCROSS ENERGY|SOUTHCROSS ENERGY
SOUTHCROSS GATHERING, LTD|SOUTHCROSS ENERGY
SOUTHERN CO GAS|SOUTHERN CO GAS
SOUTHERN NATURAL GAS CO, LLC|SOUTHERN NATURAL GAS CO
SOUTHERN UTE INDIAN TRIBE|SOUTHERN UTE INDIAN TRIBE
SOUTHLAND ROYALTY CO|SOUTHLAND ROYALTY
SOUTHWEST GAS STORAGE|SOUTHWEST GAS STORAGE
SOUTHWESTERN ENERGY CO|SOUTHWESTERN ENERGY
SPECTRA ENERGY|SPECTRA ENERGY
SPECTRA ENERGY CORP|SPECTRA ENERGY
SRC ENERGY INC|SRC ENERGY
STANOLIND PRODUCTION LLC|STANOLIND PRODUCTION
STARTEX FIELD SERVICES LLC|STARTEX FIELD SERVICES
STATOIL GULF OF MEXICO LLC|STATOIL
STATOIL TEXAS ONSHORE PROPERTIES, LLC|STATOIL
STATOIL US HOLDINGS INC|STATOIL
STEPHENS PRODUCTION CO|STEPHENS PRODUCTION
STERLING ENERGY GROUP INC|STERLING ENERGY GROUP
STINGRAY PIPELINE CO LLC|STINGRAY PIPELINE CO
STINGRAY PIPELINE CO, LLC|STINGRAY PIPELINE CO
STONE ENERGY CORP|STONE ENERGY
STONE ENERGY CORPORATION|STONE ENERGY
SUMMIT MIDSTREAM PARTNERS LLC|SUMMIT MIDSTREAM PARTNERS
SUMMIT MIDSTREAM PARTNERS, LLC|SUMMIT MIDSTREAM PARTNERS
SUMMIT PETROLEUM CORP|SUMMIT PETROLEUM
SUMMIT PETROLEUM LLC|SUMMIT PETROLEUM
SUNDANCE ENERGY INC|SUNDANCE ENERGY
SURGE OPERATING LLC|SURGE OPERATING
SWEPI LP|SWEPI
SWG Pipeline, LLC|SWG PIPELINE
SWIFT ENERGY OPERATING LLC|SWIFT ENERGY OPERATING
SWIFT ENERGY OPERATING, LLC|SWIFT ENERGY OPERATING
SYNERGY RESOURCES CORP|SYNERGY RESOURCES
Sabine Oil & Gas LLC|SABINE OIL AND GAS
Sabine Oil and Gas Corporation|SABINE OIL AND GAS
Saga Petroleum, LLC|SAGA PETROLEUM
Samson Energy Company, LLC|SAMSON RESOURCES
Samuel Gary Jr. Associates, Inc.|SAMUEL GARY JR. ASSOCIATES
Sanchez Oil and Gas|SANCHEZ OIL AND GAS
SandRidge Exploration and Production, LLC|SANDRIDGE ENERGY
SandRidge Production and Exploration, LLC|SANDRIDGE ENERGY
Sanguine Gas Exploration, LLC|SANGUINE GAS EXPLORATION
Savant Alaska, LLC|SAVANT ALASKA
SemGas, LP|SEMGAS
Sempra Energy|SEMPRA ENERGY
Sempra REX Holdings, LLC|SEMPRA ENERGY
Seneca Resources Corporation|SENECA RESOURCES
Sentinel Peak Resources|SENTINEL PEAK RESOURCES
Sequitur East Texas LLC|SEQUITUR EAST TEXAS
Sharples Associates|SHARPLES ASSOCIATES
Shell Oil Company|SHELL OIL
Shell Petroleum INCORPORATED|SHELL OIL
Shell Petroleum Inc|SHELL OIL
Shell Petroleum Inc.|SHELL OIL
Sheridan Production Comapny, LLC|SHERIDAN PRODUCTION COMAPNY
Sheridan Production Company, LLC|SHERIDAN PRODUCTION COMPANY
Shoreline Energy LLC|SHORELINE ENERGY
Silverback Midstream, LLC|SILVERBACK MIDSTREAM
Silverbow Resources Inc|SILVERBOW RESOURCES
Slawson Companies, Inc.|SLAWSON COMPANIES
Southcross Gathering, Ltd|SOUTHCROSS ENERGY
Southcross Processing LLC|SOUTHCROSS ENERGY
Southern Union Gas Services|SOUTHERN UNION GAS SERVICES
Southern Ute Indian Tribe|SOUTHERN UTE INDIAN TRIBE
Southwestern Energy|SOUTHWESTERN ENERGY
Southwestern Production CORP|SOUTHWESTERN PRODUCTION
Spectra Energy|SPECTRA ENERGY
Spectra Energy Corp|SPECTRA ENERGY
Spectra Energy Corporation|SPECTRA ENERGY
Spectra Energy Partners, LP|SPECTRA ENERGY
Spectra Energy Southeast Supply Header, LLC|SPECTRA ENERGY
StarTex Field Services, LLC|STARTEX FIELD SERVICES
Statoil|STATOIL
Statoil Gulf of Mexico LLC|STATOIL
Statoil US Holdings, Inc.|STATOIL
Statoil USA E&P Inc.|STATOIL
Stephens Production Company|STEPHENS PRODUCTION
Sterling Energy Investments LLC|STERLING ENERGY GROUP
Stone Energy Corporation|STONE ENERGY
Summit Petroleum Corporation|SUMMIT PETROLEUM
Sundance Energy Australia|SUNDANCE ENERGY
Superior Pipeline Company|SUPERIOR PIPELINE
Superior Pipeline Company, LLC.|SUPERIOR PIPELINE
Superiror Pipeline Company, LLC|SUPERIOR PIPELINE
Synergy Resources CORP|SYNERGY RESOURCES
T-C Oil Company|T-C OIL
TALCO MIDSTREAM ASSETS, LTD|TALCO MIDSTREAM ASSETS
TALISMAN ENERGY USA INC|TALISMAN ENERGY USA
TALL OAK MIDSTREAM LLC|TALL OAK MIDSTREAM
TALLGRASS OPERATIONS LLC|TALLGRASS ENERGY
TALOS ENERGY LLC|TALOS ENERGY
TALOS ENERGY OFFSHORE LLC|TALOS ENERGY
TANA EXPLORATION CO LLC|TANA EXPLORATION CO
TANOS EXPLORATION II LLC|TANOS EXPLORATION II
TAPSTONE ENERGY LLC|TAPSTONE ENERGY
TAQA NORTH LTD|TAQA USA
TAQA North Ltd.|TAQA USA
TAQA USA INC|TAQA USA
TARGA PIPELINE PARTNERS, LP|TARGA RESOURCES
TARGA RESOURCES|TARGA RESOURCES
TARGA RESOURCES CORPORATION|TARGA RESOURCES
TARGA RESOURCES Corporation|TARGA RESOURCES
TARGA RESOURCES INC|TARGA RESOURCES
TC PIPELINES LP|TC PIPELINES
TECOLOTE ENERGY LLC|TECOLOTE ENERGY
TECPETROL CORP|TECPETROL
TELLUS ENERGY GROUP LLC|TELLUS ENERGY GROUP
TEMPLAR ENERGY LLC|TEMPLAR ENERGY
TENAWA HAVEN PROCESSING LLC|TENAWA HAVEN PROCESSING
TENAWA RESOURCE MANAGEMENT LLC|TENAWA RESOURCE MANAGEMENT
TENRGYS LLC|TENRGYS
TEP REX Holdings, LLC|TEP REX HOLDINGS
TEP Rex Holdings, LLC|TEP REX HOLDINGS
TEP Rocky Mountain LLC|TEP ROCKY MOUNTAIN
TERRA ENERGY PARTNERS|TERRA ENERGY PARTNERS
TESORO CORP|TESORO
TEX MONCRIEF EXPLORACOUNT II LLC|TEX MONCRIEF EXPLORACOUNT II
TEXAS AMERICAN RESOURCES CO|TEXAS AMERICAN RESOURCES
TEXAS KEYSTONE INC|TEXAS KEYSTONE
TEXAS PETROLEUM INVESTMENT CO|TEXAS PETROLEUM INVESTMENT
TEXLAND PETROLEUM LP|TEXLAND PETROLEUM
TGGT HOLDINGS, LLC|TGGT HOLDINGS
THE DOW CHEMICAL CO|DOW CHEMICAL
THE SINCLAIR COS|THE SINCLAIR COS
THE WILLIAMS COS|WILLIAMS
THUNDER CREEK GAS SERVICES LLC|THUNDER CREEK GAS SERVICES
TIMBER CREEK OPERATING LLC|TIMBER CREEK OPERATING
TIMBER CREEK OPERATING, LLC|TIMBER CREEK OPERATING
TOMPC LLC|TOMPC
TOTAL E&P USA INC|TOTAL E&P USA
TOTAL E&P USA, INC.|TOTAL E&P USA
TRANSCANADA ENERGY USA INC|TRANSCANADA ENERGY USA
TRC CYPRESS GROUP|TRC CYPRESS GROUP
TRENDWELL ENERGY CORP|TRENDWELL ENERGY
TRIANGLE USA PETROLEUM CORP|TRIANGLE USA PETROLEUM
TRISTREAM ENERGY, LLC|TRISTREAM ENERGY
TRUE OIL LLC|TRUE OIL
TRUNKLINE GAS CO|TRUNKLINE GAS
Tallgrass MLP Operations, LLC|TALLGRASS ENERGY
Tallgrass MLP operations, LLC|TALLGRASS ENERGY
Tallgrass Operations, LLC|TALLGRASS ENERGY
Tapstone Energy LLC|TAPSTONE ENERGY
Targa Midstream Services, L.P.|TARGA RESOURCES
Targa Resources Corporation|TARGA RESOURCES
Tecolote Energy LLC|TECOLOTE ENERGY
Tecpetrol Corporation|TECPETROL
Tellus Energy Group, LLC|TELLUS ENERGY GROUP
Templar Energy LLC|TEMPLAR ENERGY
Tenawa Haven Processing LLC|TENAWA HAVEN PROCESSING
Tesoro Logistics LP|TESORO
Texas Coastal Ventures LLC|TEXAS COASTAL VENTURES
Texas Eastern Transmission, L.P.|TEXAS EASTERN TRANSMISSION
Texas Keystone Inc|TEXAS KEYSTONE
Texas Petroleum Investment CO|TEXAS PETROLEUM INVESTMENT
Texas Petroleum Investment Co|TEXAS PETROLEUM INVESTMENT
Texland Petroleum, LP|TEXLAND PETROLEUM
Texstar Midstream Services, LP|TEXSTAR MIDSTREAM SERVICES
The Williams Companies, Inc.|WILLIAMS
Thunder Creek Gas Services, LLC|THUNDER CREEK GAS SERVICES
TransCanada American Investments Ltd.|TRANSCANADA AMERICAN INVESTMENTS
TransCanada Northern Border INC|TRANSCANADA NORTHERN BORDER
TransCanada Northern Border Inc.|TRANSCANADA NORTHERN BORDER
TransCanada/Columbia PIpeline Group|TRANSCANADA/COLUMBIA PIPELINE GROUP
TransCanada/Columbia Pipeline Group|TRANSCANADA/COLUMBIA PIPELINE GROUP
TransCanda/Columbia Pipeline Group|TRANSCANDA/COLUMBIA PIPELINE GROUP
Trendwell Energy Corporation|TRENDWELL ENERGY
Trey Resources, Inc.|TREY RESOURCES
Trey Resources, inc.|TREY RESOURCES
Triangle USA Petroleum Corporation|TRIANGLE USA PETROLEUM
Trinity CO2, LLC|TRINITY CO2
Triumph Energy Partners|TRIUMPH ENERGY PARTNERS
Trunkline LNG Co|TRUNKLINE LNG
ULTRA PETROLEUM ENERGY CORP|ULTRA PETROLEUM ENERGY
UNION EXPLORATION PARTNERS LTD|UNION EXPLORATION PARTNERS
UNIT CORP|UNIT
UNIT PETROLEUM CO|UNIT PETROLEUM
URBAN OIL & GAS GROUP LLC|URBAN OIL & GAS GROUP
URBAN OIL & GAS GROUP, LLC|URBAN OIL & GAS GROUP
URSA RESOURCES GROUP|URSA RESOURCES GROUP
URSA Resources Group|URSA RESOURCES GROUP
UTICA GAS SERVICES LLC|UTICA GAS SERVICES
Ultra Petroleum Energy Corporation|ULTRA PETROLEUM ENERGY
Union Exploration Partners Ltd.|UNION EXPLORATION PARTNERS
Unit Corp|UNIT
Unit Petroleum Company|UNIT PETROLEUM
Utah Gas CORP|UTAH GAS
VAL VERDE GAS GATHERING CO LP|VAL VERDE GAS GATHERING CO
VALENCE OPERATING CO|VALENCE OPERATING
VANGUARD NATURAL RESOURCES INC|VANGUARD NATURAL RESOURCES
VANTAGE ENERGY LLC|VANTAGE ENERGY
VAQUERO PERMIAN GATHERING LLC|VAQUERO PERMIAN GATHERING
VECTOR PIPELINE LP|VECTOR PIPELINE
VECTOR PIPELINE, LP|VECTOR PIPELINE
VENOCO INC|VENOCO
VERDUN OIL CO|VERDUN OIL
VERESEN INC|VERESEN
VERESEN US POWER INC|VERESEN
VINE OIL & GAS LP|VINE OIL & GAS
VITRUVIAN EXPLORATION LLC|VITRUVIAN EXPLORATION
Valence Operating Company|VALENCE OPERATING
Vanguard Natural Resources, INCORPORATED|VANGUARD NATURAL RESOURCES
Vanguard Natural Resources, Inc.|VANGUARD NATURAL RESOURCES
Vanguard Natural Resources, LLC|VANGUARD NATURAL RESOURCES
Vanguard Operating, LLC|VANGUARD NATURAL RESOURCES
Vantage Energy II, LLC|VANTAGE ENERGY
Vantage Energy, LLC|VANTAGE ENERGY
Vaquero Permian Gathering LLC|VAQUERO PERMIAN GATHERING
Vaquero Permian Processing LLC|VAQUERO PERMIAN PROCESSING
Venado Operating CO LLC|VENADO OPERATING CO
Venoco Inc.|VENOCO
Verdad Resources LLC|VERDAD RESOURCES
Verdun Oil Co|VERDUN OIL
Vine Oil & Gas, LP|VINE OIL & GAS
Vitruvian Exploration, LLC|VITRUVIAN EXPLORATION
W & T OFFSHORE INC|W & T OFFSHORE
W & T Offshore, Inc.|W & T OFFSHORE
W&T ENERGY VI LLC|W & T OFFSHORE
W&T ENERGY VI, LLC|W & T OFFSHORE
W&T Energy VI, LLC|W & T OFFSHORE
W&T OFFSHORE INC|W & T OFFSHORE
W&T Offshore, INCORPORATED|W & T OFFSHORE
W&T Offshore, Inc.|W & T OFFSHORE
W. A. Moncrief, Jr.|WA MONCRIEF JR
WA MONCRIEF JR|WA MONCRIEF JR
WALTER OIL & GAS CORP|WALTER OIL & GAS
WARD PETROLEUM CORP|WARD PETROLEUM
WARREN RESOURCES INC|WARREN RESOURCES
WEC ENERGY GROUP|WEC ENERGY GROUP
WELLS FARGO ENERGY CAPITAL INC|WELLS FARGO ENERGY CAPITAL
WEST BAY EXPLORATION|WEST BAY EXPLORATION
WEST TEXAS GAS INC|WEST TEXAS GAS
WESTERN REFINING INC|WESTERN REFINING
WGR Asset Holding Company LLC|WGR OPERATING
WGR Operating LP|WGR OPERATING
WHITE OAK ENERGY|WHITE OAK ENERGY
WHITE ROCK OIL & GAS LLC|WHITE ROCK OIL & GAS
WHITE STAR PETROLEUM LLC|WHITE STAR PETROLEUM
WHITING OIL & GAS CORP|WHITING OIL AND GAS
WHITING OIL AND GAS CORP|WHITING OIL AND GAS
WHITING PETROLEUM CORP|WHITING OIL AND GAS
WILDCAT MIDSTREAM CADDO LLC|WILDCAT MIDSTREAM CADDO
WILDHORSE RESOURCES LLC|WILDHORSE RESOURCES
WILLIAMS PARTNERS LP|WILLIAMS
WILLIAMS PARTNERS, LP|WILLIAMS
WINFIELD RESOURCES LLC|WINFIELD RESOURCES
WOLD ENERGY PARTNERS LLC|WOLD ENERGY PARTNERS
WOODFORD EXPRESS LLC|WOODFORD EXPRESS
WPX ENERGY INC|WPX ENERGY
WPX Energy, Inc.|WPX ENERGY
WTG BENEDUM JOINT VENTURE|WTG
WTG EXPLORATION, INC|WTG
WTG GAS PROCESSING LP|WTG
WTG GAS PROCESSING, LP|WTG
WTG Gas Processing LP|WTG
WTG Gas Processing, LP|WTG
WTG JAMESON LP|WTG
WTG Jameson, L.P.|WTG
WTG Jameson, LP|WTG
WTG SONORA GAS PLANT, LLC|WTG
WTG SOUTH PERMIAN MIDSTREAM LLC|WTG
WTG South Permian Midstream LLC|WTG
WTGKS GP LLC|WTGKS GP
Warren Resources, Inc.|WARREN RESOURCES
Wells Fargo Energy Capital, Inc|WELLS FARGO ENERGY CAPITAL
West Bay Exploration|WEST BAY EXPLORATION
White Oak Energy|WHITE OAK ENERGY
White Rock Oil & Gas LLC|WHITE ROCK OIL & GAS
White Star Petroleum, LLC|WHITE STAR PETROLEUM
Whiting Petroleum Corporation|WHITING OIL AND GAS
Wildcat Midstream Caddo, LLC|WILDCAT MIDSTREAM CADDO
Wildhorse Resouces LLC|WILDHORSE RESOUCES
Wildhorse Resouces, LLC|WILDHORSE RESOUCES
Williams|WILLIAMS
Williams Co.|WILLIAMS
Williams Field Services Group, LLC|WILLIAMS
Williams Partners L.P.|WILLIAMS
Williams Partners, LP|WILLIAMS
Williams Production|WILLIAMS
Winfield Resources, LLC|WINFIELD RESOURCES
XTO ENERGY INC|XTO ENERGY
XTO ENERGY, INC|XTO ENERGY
XTO Energy Inc|XTO ENERGY
YATES PETROLEUM CORP|YATES PETROLEUM
Yates Petroleum Corporation|YATES PETROLEUM
ZPZ DELAWARE I LLC|ZPZ DELAWARE I
ZPZ Delaware I LLC|ZPZ DELAWARE I
Zenergy, INC|ZENERGY
cOLUMBIA PIPELINE GROUP|COLUMBIA PIPELINE GROUP
eni US Operating Company|ENI PETROLEUM
exxon mobil corporation|EXXONMOBIL
loe|LOE
pipeco|PIPECO
